{
  "session": "S104",
  "title": "Door 3: EML Approximation Rate Study",
  "method": "EMLNetwork (gradient)",
  "probe_domain": [
    0.1,
    3.0
  ],
  "n_probe": 50,
  "depth_sequence": [
    1,
    2,
    3,
    4,
    5
  ],
  "node_counts": [
    1,
    3,
    7,
    15,
    31
  ],
  "errors": {
    "f1_sin": {
      "1": 0.077520452439785,
      "3": 6.533049599966034e-05,
      "7": 0.00011077648377977312,
      "15": Infinity,
      "31": Infinity
    },
    "f2_gaussian": {
      "1": 0.0014115080703049898,
      "3": 0.0013704157900065184,
      "7": 0.0002274245343869552,
      "15": Infinity,
      "31": Infinity
    },
    "f3_abs": {
      "1": 0.011905770748853683,
      "3": 0.012402326799929142,
      "7": 0.0015564950881525874,
      "15": Infinity,
      "31": Infinity
    },
    "f4_lorentzian": {
      "1": 0.00027544269687496126,
      "3": 0.00028787238989025354,
      "7": 0.00017868788563646376,
      "15": Infinity,
      "31": Infinity
    },
    "f5_fracpower": {
      "1": 0.004099115263670683,
      "3": 0.00012776884250342846,
      "7": 4.1039347706828266e-05,
      "15": Infinity,
      "31": Infinity
    }
  },
  "decay_rates": {
    "f1_sin": {
      "exponential": {
        "b": 0.9169669541170694,
        "A": -3.738208214351966,
        "r2": 0.5046689249115597,
        "model": "exp(-b*n)"
      },
      "sqrt_exponential": {
        "b": 3.7949537042721366,
        "A": -0.2975836891310122,
        "r2": 0.629656737481445,
        "model": "exp(-b*sqrt(n))"
      },
      "algebraic": {
        "k": 3.5151820572266534,
        "C": 0.029215082936564187,
        "r2": 0.7564001218787711,
        "model": "C*n^(-k)"
      },
      "best_model": "C*n^(-k)",
      "best_r2": 0.7564001218787711
    },
    "f2_gaussian": {
      "exponential": {
        "b": 0.3249440356461063,
        "A": -5.990015127019483,
        "r2": 0.901439013376456,
        "model": "exp(-b*n)"
      },
      "sqrt_exponential": {
        "b": 1.1441229151437833,
        "A": -5.130521045376093,
        "r2": 0.8140597350973042,
        "model": "exp(-b*sqrt(n))"
      },
      "algebraic": {
        "k": 0.8941182648325137,
        "C": 0.0018845072753565521,
        "r2": 0.6960907997639361,
        "model": "C*n^(-k)"
      },
      "best_model": "exp(-b*n)",
      "best_r2": 0.901439013376456
    },
    "f3_abs": {
      "exponential": {
        "b": 0.3647783643571454,
        "A": -3.757786651402675,
        "r2": 0.8819755323176638,
        "model": "exp(-b*n)"
      },
      "sqrt_exponential": {
        "b": 1.2783859998719265,
        "A": -2.8036716745313375,
        "r2": 0.7890674011007621,
        "model": "exp(-b*sqrt(n))"
      },
      "algebraic": {
        "k": 0.9932286480242842,
        "C": 0.016783846844167737,
        "r2": 0.6668891001559725,
        "model": "C*n^(-k)"
      },
      "best_model": "exp(-b*n)",
      "best_r2": 0.8819755323176638
    },
    "f4_lorentzian": {
      "exponential": {
        "b": 0.07885116395048547,
        "A": -8.037543780259309,
        "r2": 0.8357213741618099,
        "model": "exp(-b*n)"
      },
      "sqrt_exponential": {
        "b": 0.2734801024006516,
        "A": -7.836424090046315,
        "r2": 0.732299026015351,
        "model": "exp(-b*sqrt(n))"
      },
      "algebraic": {
        "k": 0.20969140439630007,
        "C": 0.00029936071125670374,
        "r2": 0.6027861980178454,
        "model": "C*n^(-k)"
      },
      "best_model": "exp(-b*n)",
      "best_r2": 0.8357213741618099
    },
    "f5_fracpower": {
      "exponential": {
        "b": 0.6982739978681516,
        "A": -5.627412412430076,
        "r2": 0.7910849472437933,
        "model": "exp(-b*n)"
      },
      "sqrt_exponential": {
        "b": 2.7342532983297554,
        "A": -3.286326011067196,
        "r2": 0.8835691945686448,
        "model": "exp(-b*sqrt(n))"
      },
      "algebraic": {
        "k": 2.4042233582497583,
        "C": 0.003189642561606397,
        "r2": 0.9564841003913224,
        "model": "C*n^(-k)"
      },
      "best_model": "C*n^(-k)",
      "best_r2": 0.9564841003913224
    }
  },
  "summary": [
    {
      "target": "f1_sin",
      "description": "sin(x) \u2014 entire function",
      "n_valid": 3,
      "min_mse": 6.533049599966034e-05,
      "best_model": "C*n^(-k)",
      "b_exp": 0.9169669541170694,
      "r2_exp": 0.5046689249115597,
      "k_alg": 3.5151820572266534,
      "r2_alg": 0.7564001218787711,
      "classification": "LIKELY_ALGEBRAIC"
    },
    {
      "target": "f2_gaussian",
      "description": "exp(-x^2) \u2014 entire function (Gaussian)",
      "n_valid": 3,
      "min_mse": 0.0002274245343869552,
      "best_model": "exp(-b*n)",
      "b_exp": 0.3249440356461063,
      "r2_exp": 0.901439013376456,
      "k_alg": 0.8941182648325137,
      "r2_alg": 0.6960907997639361,
      "classification": "EXPONENTIAL"
    },
    {
      "target": "f3_abs",
      "description": "|x-1.5| \u2014 piecewise smooth, one corner",
      "n_valid": 3,
      "min_mse": 0.0015564950881525874,
      "best_model": "exp(-b*n)",
      "b_exp": 0.3647783643571454,
      "r2_exp": 0.8819755323176638,
      "k_alg": 0.9932286480242842,
      "r2_alg": 0.6668891001559725,
      "classification": "LIKELY_EXPONENTIAL"
    },
    {
      "target": "f4_lorentzian",
      "description": "1/(1+x^2) \u2014 analytic on \u211d",
      "n_valid": 3,
      "min_mse": 0.00017868788563646376,
      "best_model": "exp(-b*n)",
      "b_exp": 0.07885116395048547,
      "r2_exp": 0.8357213741618099,
      "k_alg": 0.20969140439630007,
      "r2_alg": 0.6027861980178454,
      "classification": "LIKELY_EXPONENTIAL"
    },
    {
      "target": "f5_fracpower",
      "description": "x^0.3 \u2014 smooth, not analytic (branch point)",
      "n_valid": 3,
      "min_mse": 4.1039347706828266e-05,
      "best_model": "C*n^(-k)",
      "b_exp": 0.6982739978681516,
      "r2_exp": 0.7910849472437933,
      "k_alg": 2.4042233582497583,
      "r2_alg": 0.9564841003913224,
      "classification": "ALGEBRAIC"
    }
  ]
}