{
  "sin(x)": {
    "floors": {
      "1": {
        "mse": 0.001211720723983526,
        "rank": 4
      },
      "2": {
        "mse": 1.5981913707260717e-07,
        "rank": 9
      },
      "3": {
        "mse": 4.666423873192611e-10,
        "rank": 11
      },
      "4": {
        "mse": 4.666423873192611e-10,
        "rank": 11
      }
    },
    "eml_k": "EML-3"
  },
  "x^2": {
    "floors": {
      "1": {
        "mse": 0.0030085854550575344,
        "rank": 4
      },
      "2": {
        "mse": 2.8861120013401845e-07,
        "rank": 9
      },
      "3": {
        "mse": 1.066660646806883e-09,
        "rank": 11
      },
      "4": {
        "mse": 1.066660646806883e-09,
        "rank": 11
      }
    },
    "eml_k": "EML-3"
  },
  "erf(x)": {
    "floors": {
      "1": {
        "mse": 0.0003539644282275235,
        "rank": 4
      },
      "2": {
        "mse": 3.806043918515375e-07,
        "rank": 9
      },
      "3": {
        "mse": 1.2753636008898625e-10,
        "rank": 11
      },
      "4": {
        "mse": 1.2753636008898625e-10,
        "rank": 11
      }
    },
    "eml_k": "EML-3"
  },
  "sin(sin(x))": {
    "floors": {
      "1": {
        "mse": 0.0001906822085844896,
        "rank": 4
      },
      "2": {
        "mse": 1.1144535972339592e-06,
        "rank": 9
      },
      "3": {
        "mse": 8.400666857090881e-08,
        "rank": 11
      },
      "4": {
        "mse": 8.400666857090881e-08,
        "rank": 11
      }
    },
    "eml_k": "EML->4"
  },
  "erf(erf(x))": {
    "floors": {
      "1": {
        "mse": 7.496549543559393e-05,
        "rank": 4
      },
      "2": {
        "mse": 1.874498038663709e-07,
        "rank": 9
      },
      "3": {
        "mse": 6.970398374111108e-10,
        "rank": 11
      },
      "4": {
        "mse": 6.970398374111108e-10,
        "rank": 11
      }
    },
    "eml_k": "EML-3"
  },
  "x^6": {
    "floors": {
      "1": {
        "mse": 161.00515404884956,
        "rank": 4
      },
      "2": {
        "mse": 0.15123812235811107,
        "rank": 9
      },
      "3": {
        "mse": 0.0009122058440771253,
        "rank": 11
      },
      "4": {
        "mse": 0.0009122058440771253,
        "rank": 11
      }
    },
    "eml_k": "EML->4"
  },
  "x^7": {
    "floors": {
      "1": {
        "mse": 3227.668027135193,
        "rank": 4
      },
      "2": {
        "mse": 8.633285013981641,
        "rank": 9
      },
      "3": {
        "mse": 0.1167840535997059,
        "rank": 11
      },
      "4": {
        "mse": 0.1167840535997059,
        "rank": 11
      }
    },
    "eml_k": "EML->4"
  },
  "exp(-x^2)*sin(x)": {
    "floors": {
      "1": {
        "mse": 0.0008439261171917593,
        "rank": 4
      },
      "2": {
        "mse": 1.2799686330004733e-05,
        "rank": 9
      },
      "3": {
        "mse": 3.010124623414429e-08,
        "rank": 11
      },
      "4": {
        "mse": 3.010124623414429e-08,
        "rank": 11
      }
    },
    "eml_k": "EML->4"
  },
  "sin(x^2)": {
    "floors": {
      "1": {
        "mse": 0.19127193566514764,
        "rank": 4
      },
      "2": {
        "mse": 0.023827465682609916,
        "rank": 9
      },
      "3": {
        "mse": 0.00230453146470356,
        "rank": 11
      },
      "4": {
        "mse": 0.00230453146470356,
        "rank": 11
      }
    },
    "eml_k": "EML->4"
  },
  "tanh(tanh(x))": {
    "floors": {
      "1": {
        "mse": 6.609659257586731e-05,
        "rank": 4
      },
      "2": {
        "mse": 4.928662025470262e-08,
        "rank": 9
      },
      "3": {
        "mse": 9.932842664501227e-11,
        "rank": 11
      },
      "4": {
        "mse": 9.932842664501227e-11,
        "rank": 11
      }
    },
    "eml_k": "EML-3"
  },
  "sin(x)*erf(x)": {
    "floors": {
      "1": {
        "mse": 0.002876126435833696,
        "rank": 4
      },
      "2": {
        "mse": 3.245929834860171e-06,
        "rank": 9
      },
      "3": {
        "mse": 4.73784342859159e-10,
        "rank": 11
      },
      "4": {
        "mse": 4.73784342859159e-10,
        "rank": 11
      }
    },
    "eml_k": "EML-3"
  },
  "exp(sin(x))": {
    "floors": {
      "1": {
        "mse": 0.013605166000260986,
        "rank": 4
      },
      "2": {
        "mse": 3.1405475247016663e-06,
        "rank": 9
      },
      "3": {
        "mse": 7.171176549982895e-07,
        "rank": 11
      },
      "4": {
        "mse": 7.171176549982895e-07,
        "rank": 11
      }
    },
    "eml_k": "EML->4"
  },
  "log(1+sin(x))": {
    "floors": {
      "1": {
        "mse": 0.0001260778829722221,
        "rank": 4
      },
      "2": {
        "mse": 4.99401193680651e-09,
        "rank": 9
      },
      "3": {
        "mse": 2.7998265384897133e-11,
        "rank": 11
      },
      "4": {
        "mse": 2.7998265384897133e-11,
        "rank": 11
      }
    },
    "eml_k": "EML-2"
  },
  "sin(pi*x)": {
    "floors": {
      "1": {
        "mse": 0.28198791100440457,
        "rank": 4
      },
      "2": {
        "mse": 0.0020778196988151983,
        "rank": 9
      },
      "3": {
        "mse": 0.00010042468155162767,
        "rank": 11
      },
      "4": {
        "mse": 0.00010042468155162767,
        "rank": 11
      }
    },
    "eml_k": "EML->4"
  }
}