{
  "|sin(x)|": {
    "g1_mse": 0.007344336110463437,
    "g2_mse": 0.00045468593463987247,
    "g1_rank": 10,
    "g2_rank": 20,
    "improvement": 16.152547397975734,
    "verdict": "G2-BETTER"
  },
  "|cos(x)|": {
    "g1_mse": 0.0064007028846695905,
    "g2_mse": 0.0010039458590944538,
    "g1_rank": 10,
    "g2_rank": 20,
    "improvement": 6.3755458789809065,
    "verdict": "G2-BETTER"
  },
  "sawtooth": {
    "g1_mse": 0.01824263959179357,
    "g2_mse": 0.010187634821798127,
    "g1_rank": 10,
    "g2_rank": 20,
    "improvement": 1.790664851154699,
    "verdict": "OPEN"
  },
  "triangle": {
    "g1_mse": 0.0043202766204016255,
    "g2_mse": 0.0006206608780765414,
    "g1_rank": 10,
    "g2_rank": 20,
    "improvement": 6.960768388995897,
    "verdict": "G2-BETTER"
  },
  "sign(sin(x))": {
    "g1_mse": 0.07297055836718183,
    "g2_mse": 0.04075053964390385,
    "g1_rank": 10,
    "g2_rank": 20,
    "improvement": 1.7906648354802337,
    "verdict": "OPEN"
  },
  "sin(x) [ctrl]": {
    "g1_mse": 2.4821191318425036e-05,
    "g2_mse": 4.018837165944754e-12,
    "g1_rank": 10,
    "g2_rank": 20,
    "improvement": 6176212.245859938,
    "verdict": "G2-DENSE"
  },
  "cos(x) [ctrl]": {
    "g1_mse": 9.449521965740553e-05,
    "g2_mse": 3.0856550654313425e-11,
    "g1_rank": 10,
    "g2_rank": 20,
    "improvement": 3062403.854404772,
    "verdict": "G2-DENSE"
  }
}