{
  "exp(-x)": {
    "g1_mse": 7.931103101419474e-19,
    "g3_mse": 7.033183182235819e-19,
    "g1_rank": 18,
    "g3_rank": 18,
    "improvement": 1.1276690647631065,
    "verdict": "G3-DENSE"
  },
  "exp(-x^2)": {
    "g1_mse": 5.589089696638869e-14,
    "g3_mse": 4.977491759442225e-14,
    "g1_rank": 18,
    "g3_rank": 18,
    "improvement": 1.1228727171745594,
    "verdict": "G3-DENSE"
  },
  "x*exp(-x)": {
    "g1_mse": 4.015233576575031e-17,
    "g3_mse": 1.3366579365937091e-17,
    "g1_rank": 18,
    "g3_rank": 18,
    "improvement": 3.0039350133268257,
    "verdict": "G3-DENSE"
  },
  "sin(x)": {
    "g1_mse": 7.774041686504972e-15,
    "g3_mse": 1.4571569515166006e-15,
    "g1_rank": 18,
    "g3_rank": 18,
    "improvement": 5.335075043504266,
    "verdict": "G3-DENSE"
  },
  "x^2": {
    "g1_mse": 2.721000732662288e-15,
    "g3_mse": 1.155798482713726e-16,
    "g1_rank": 18,
    "g3_rank": 18,
    "improvement": 23.542172561721898,
    "verdict": "G3-DENSE"
  },
  "ln(x)": {
    "g1_mse": 1.898366244260833e-18,
    "g3_mse": 4.3731462608301454e-18,
    "g1_rank": 18,
    "g3_rank": 18,
    "improvement": 0.4340962160960219,
    "verdict": "G3-DENSE"
  },
  "x^(1/3)": {
    "g1_mse": 4.1545050515184943e-19,
    "g3_mse": 2.335076699138061e-19,
    "g1_rank": 18,
    "g3_rank": 18,
    "improvement": 1.7791728438950345,
    "verdict": "G3-DENSE"
  },
  "sinh(x)": {
    "g1_mse": 2.090419167473551e-16,
    "g3_mse": 1.099696093917726e-18,
    "g1_rank": 18,
    "g3_rank": 18,
    "improvement": 190.09062404016743,
    "verdict": "G3-DENSE"
  },
  "1/(1+exp(x))": {
    "g1_mse": 3.1288192839341377e-18,
    "g3_mse": 1.3998731708768916e-18,
    "g1_rank": 18,
    "g3_rank": 18,
    "improvement": 2.2350733973808645,
    "verdict": "G3-DENSE"
  }
}