{
  "session": "S95",
  "title": "Depth-6 Complex EML Closure",
  "depth5_total": 30693,
  "depth5_real": 26523,
  "depth5_complex": 4170,
  "depth6_new_sampled": 210526,
  "depth6_complex_sampled": 155089,
  "unique_im_count": 1583,
  "im_range": [
    0.0,
    2.2715
  ],
  "unique_im_sample": [
    0.0,
    0.0005,
    0.0008,
    0.001,
    0.0013,
    0.0014,
    0.0021,
    0.0023,
    0.0026,
    0.0057,
    0.0058,
    0.0065,
    0.0066,
    0.0067,
    0.0068,
    0.0069,
    0.007,
    0.0071,
    0.0116,
    0.0118,
    0.0119,
    0.012,
    0.0138,
    0.014,
    0.0141,
    0.0142,
    0.0143,
    0.0197,
    0.0201,
    0.0204,
    0.0205,
    0.0207,
    0.0208,
    0.0247,
    0.0253,
    0.0254,
    0.0258,
    0.0259,
    0.026,
    0.0263,
    0.0264,
    0.0265,
    0.0305,
    0.0314,
    0.0315,
    0.032,
    0.0321,
    0.0322,
    0.0323,
    0.0325
  ],
  "histogram_by_0_1": {
    "0.0": 48718,
    "0.1": 15775,
    "0.2": 9751,
    "0.3": 2538,
    "0.4": 3734,
    "0.5": 4102,
    "0.6": 2674,
    "0.7": 2898,
    "0.8": 4552,
    "0.9": 3228,
    "1.0": 2261,
    "1.1": 2639,
    "1.2": 3297,
    "1.3": 5493,
    "1.4": 8545,
    "1.5": 4044,
    "1.6": 3778,
    "1.7": 7317,
    "1.8": 1376,
    "1.9": 2246,
    "2.0": 4615,
    "2.1": 4259,
    "2.2": 5664,
    "2.3": 1585
  },
  "near_im_1_count": 5251,
  "near_im_1_top5": [
    [
      0.9999952372201262,
      1.4009451381787468
    ],
    [
      0.9999952372201262,
      13.836925551198965
    ],
    [
      0.9999952372201262,
      4.257604834480581
    ],
    [
      0.9999952372201262,
      1403193.5481944066
    ],
    [
      0.9999952372201262,
      3814277.787423524
    ]
  ],
  "best_im_near_1": {
    "im": 0.9999952372201262,
    "re": 1.4009451381787468,
    "gap": 4.762779873823675e-06
  },
  "structure_notes": "1583 unique Im values (4dp) sampled at depth 6. Im values arise from -arg(y) for depth-5 complex y. Not restricted to {-pi}: full range from arg distribution of depth-5 closure.",
  "method": "Streaming histogram; full enumeration infeasible (26k*4k pairs); sampled 100 real x per y"
}