{
  "partA": {
    "fixed_point_W_e_e": 2.0167797648922003,
    "ln_fixed_point": 0.7015020635668445,
    "const_chain_depths": {
      "1": 2.718281828459045,
      "2": 1.718281828459045,
      "3": 2.176956973846127,
      "4": 1.9403538103678946,
      "5": 2.0554114955340803,
      "6": 1.997805759420622
    },
    "conclusion": "Neither pure variant produces sinusoidal behaviour. Affine leaves necessary."
  },
  "partB": {
    "rc4_sin_mse": 0.0015331540489569306,
    "rc4_sin_phantom": true,
    "rc5_sin_mse": 0.0012680881191045046,
    "rc5_sin_phantom": true,
    "rc4_cos_mse": 0.0016348717035725713,
    "rc4_cos_phantom": false,
    "rc5_cos_mse": 0.0017064169514924288,
    "rc5_cos_phantom": false,
    "rc4_sin_formula": "eml((0.5004*x+-1.62), eml((0.8641*x+-0.7708), eml((1.474*x+-0.3721), eml((-0.7956*x+0.9716), (1.393*x+2.497)))))",
    "rc5_sin_formula": "eml((0.4955*x+-1.507), eml((1.032*x+-1.504), eml((0.4387*x+1.082), eml((-0.4104*x+3.355), eml((2.767*x+2.547), (-0.9958*x+1.576))))))",
    "rc4_cos_formula": "eml((-0.8423*x+0.5271), eml((-0.5432*x+1.748), eml((-1.363*x+4.198), eml((-1.05*x+6.115), (3.75*x+2.444)))))",
    "rc5_cos_formula": "eml((-0.8226*x+0.6052), eml((-0.5635*x+1.785), eml((-1.33*x+4.125), eml((-1.105*x+6.356), eml((-1.178*x+1.335), (-3.869*x+1.271))))))"
  },
  "partC": {
    "theoretical_floor": 0.4999999701976776,
    "d4_lam5": {
      "mse": 2.006364107131958,
      "output": 1.232105016708374,
      "max_leaf_dev": 0.3007127046585083
    },
    "d4_lam20": {
      "mse": 4.176945686340332,
      "output": 1.921329379081726,
      "max_leaf_dev": 0.007928967475891113
    },
    "d5_lam5": {
      "mse": 2.0491585731506348,
      "output": 1.2490583658218384,
      "max_leaf_dev": 0.31277358531951904
    },
    "d5_lam20": {
      "mse": 4.361604690551758,
      "output": 1.969491958618164,
      "max_leaf_dev": 0.006508290767669678
    }
  },
  "partD": {
    "D0 all-free": {
      "mse": 0.0032361093908548355,
      "free_leaves": [
        0,
        1,
        2,
        3,
        4,
        5
      ]
    },
    "D1 left-half": {
      "mse": 0.004912975709885359,
      "free_leaves": [
        0,
        1,
        2
      ]
    },
    "D2 right-half": {
      "mse": 0.25949615240097046,
      "free_leaves": [
        3,
        4,
        5
      ]
    },
    "D3 alternating": {
      "mse": 0.18363399803638458,
      "free_leaves": [
        0,
        2,
        4
      ]
    }
  }
}